product_id,cover_url,avail_ids,avail_urls
111926408,https://cdn.modesens.com/availability/chloe-t-shirts-and-polos-white-104741156?w=400,a100114029;a97652067;a103809977;a99649928,https://modesens.cn/product/avail/100114029/getlink/;https://modesens.cn/product/avail/97652067/getlink/;https://modesens.cn/product/avail/103809977/getlink/;https://modesens.cn/product/avail/99649928/getlink/
112525737,https://cdn.modesens.com/availability/chloe-maxime-wedge-black-100215057?w=400,a101775422;a90343231;a89331643;a100215057,https://modesens.cn/product/avail/101775422/getlink/;https://modesens.cn/product/avail/90343231/getlink/;https://modesens.cn/product/avail/89331643/getlink/;https://modesens.cn/product/avail/100215057/getlink/
105444977,https://cdn.modesens.com/availability/zimmermann-crush-buttoned-mini-dress-lilac-floral-100132862?w=400,a101786043;a99612714;a99531142;a100132862,https://modesens.cn/product/avail/101786043/getlink/;https://modesens.cn/product/avail/99612714/getlink/;https://modesens.cn/product/avail/99531142/getlink/;https://modesens.cn/product/avail/100132862/getlink/
111924521,https://cdn.modesens.com/availability/zimmermann-printed-viscose-shirt-with-internal-tank-top-pink-104960762?w=400,a101785455;a98967932;a99270793;a103812478,https://modesens.cn/product/avail/101785455/getlink/;https://modesens.cn/product/avail/98967932/getlink/;https://modesens.cn/product/avail/99270793/getlink/;https://modesens.cn/product/avail/103812478/getlink/
108458589,https://cdn.modesens.com/availability/chloe-maxime-wedge-sandal-ginger-brown-93464371?w=400,a101967891;a97934378;a96592602;a93464371,https://modesens.cn/product/avail/101967891/getlink/;https://modesens.cn/product/avail/97934378/getlink/;https://modesens.cn/product/avail/96592602/getlink/;https://modesens.cn/product/avail/93464371/getlink/
110724587,https://cdn.modesens.com/availability/zimmermann-illuminate-blouse-neutrals-102198655?w=400,a104734018;a103775440;a103254574;a103981257,https://modesens.cn/product/avail/104734018/getlink/;https://modesens.cn/product/avail/103775440/getlink/;https://modesens.cn/product/avail/103254574/getlink/;https://modesens.cn/product/avail/103981257/getlink/
111374452,https://cdn.modesens.com/availability/zimmermann-billow-shirt-neutrals-96972213?w=400,a99576205;a96945374;a99461156;a98828026,https://modesens.cn/product/avail/99576205/getlink/;https://modesens.cn/product/avail/96945374/getlink/;https://modesens.cn/product/avail/99461156/getlink/;https://modesens.cn/product/avail/98828026/getlink/
102696971,https://cdn.modesens.com/availability/zimmermann-crush-floral-ruffled-tie-neck-blouse-pink-100051444?w=400,a102095616;a97652169;a99498500;a100051444,https://modesens.cn/product/avail/102095616/getlink/;https://modesens.cn/product/avail/97652169/getlink/;https://modesens.cn/product/avail/99498500/getlink/;https://modesens.cn/product/avail/100051444/getlink/
113682155,https://cdn.modesens.com/availability/chloe-high-heeled-boot-georgia-106708595?w=400,a97614811;a97652128;a100423416;a103817720,https://modesens.cn/product/avail/97614811/getlink/;https://modesens.cn/product/avail/97652128/getlink/;https://modesens.cn/product/avail/100423416/getlink/;https://modesens.cn/product/avail/103817720/getlink/
112343975,https://cdn.modesens.com/availability/zimmermann-high-waisted-floral-cream-linen-shorts-beige-105379121?w=400,a101877049;a99576207;a96945371;a99461159,https://modesens.cn/product/avail/101877049/getlink/;https://modesens.cn/product/avail/99576207/getlink/;https://modesens.cn/product/avail/96945371/getlink/;https://modesens.cn/product/avail/99461159/getlink/
106158279,https://cdn.modesens.com/availability/zimmermann-crush-shorts-white-100135153?w=400,,
112445887,https://cdn.modesens.com/availability/zimmermann-flower-printed-crush-midi-dress-in-linen-white-105476200?w=400,a102690939;a100108321;a104028098;a101490695,https://modesens.cn/product/avail/102690939/getlink/;https://modesens.cn/product/avail/100108321/getlink/;https://modesens.cn/product/avail/104028098/getlink/;https://modesens.cn/product/avail/101490695/getlink/
104974422,https://cdn.modesens.com/availability/balmain-kiss-printed-crewneck-t-white-98085909?w=400,a101785071;a99462137;a99498498;a98964300,https://modesens.cn/product/avail/101785071/getlink/;https://modesens.cn/product/avail/99462137/getlink/;https://modesens.cn/product/avail/99498498/getlink/;https://modesens.cn/product/avail/98964300/getlink/
106394213,https://cdn.modesens.com/availability/chloe-sneakers-multicolour-102482997?w=400,a101784072;a99576222;a98100461;a103906260,https://modesens.cn/product/avail/101784072/getlink/;https://modesens.cn/product/avail/99576222/getlink/;https://modesens.cn/product/avail/98100461/getlink/;https://modesens.cn/product/avail/103906260/getlink/
111087070,https://cdn.modesens.com/availability/chloe-maxime-platform-slingback-sandal-ginger-brown-104069767?w=400,a104050470;a103320401;a105300498;a104324404,https://modesens.cn/product/avail/104050470/getlink/;https://modesens.cn/product/avail/103320401/getlink/;https://modesens.cn/product/avail/105300498/getlink/;https://modesens.cn/product/avail/104324404/getlink/
110814159,https://cdn.modesens.com/availability/zimmermann-illuminate-ivory-tropical-103864375?w=400,a104153620;a105652149;a103658910;a104011193,https://modesens.cn/product/avail/104153620/getlink/;https://modesens.cn/product/avail/105652149/getlink/;https://modesens.cn/product/avail/103658910/getlink/;https://modesens.cn/product/avail/104011193/getlink/
111051124,https://cdn.modesens.com/availability/zimmermann-wylie-printed-linen-tunic-beige-104097077?w=400,a101784109;a99576202;a98695803;a97900327,https://modesens.cn/product/avail/101784109/getlink/;https://modesens.cn/product/avail/99576202/getlink/;https://modesens.cn/product/avail/98695803/getlink/;https://modesens.cn/product/avail/97900327/getlink/
111950715,https://cdn.modesens.com/availability/44320302?w=400,a80405169;a85719602;a104041706;a97550184,https://modesens.cn/product/avail/80405169/getlink/;https://modesens.cn/product/avail/85719602/getlink/;https://modesens.cn/product/avail/104041706/getlink/;https://modesens.cn/product/avail/97550184/getlink/
107499479,https://cdn.modesens.com/availability/balmain-halterneck-contract-trim-mini-dress-blk-white-100584039?w=400,a101787028;a101100035;a103815886;a104079029,https://modesens.cn/product/avail/101787028/getlink/;https://modesens.cn/product/avail/101100035/getlink/;https://modesens.cn/product/avail/103815886/getlink/;https://modesens.cn/product/avail/104079029/getlink/
110966361,https://cdn.modesens.com/availability/zimmermann-illuminate-v-neck-mini-dress-neutrals-104014540?w=400,a103219436;a105652152;a102347081;a103365520,https://modesens.cn/product/avail/103219436/getlink/;https://modesens.cn/product/avail/105652152/getlink/;https://modesens.cn/product/avail/102347081/getlink/;https://modesens.cn/product/avail/103365520/getlink/
104636801,https://cdn.modesens.com/availability/zimmermann-tallow-midi-dress-neutrals-98918055?w=400,a101784940;a98695785;a103811851;a99279140,https://modesens.cn/product/avail/101784940/getlink/;https://modesens.cn/product/avail/98695785/getlink/;https://modesens.cn/product/avail/103811851/getlink/;https://modesens.cn/product/avail/99279140/getlink/
114081140,https://cdn.modesens.com/availability/chloe-crew-neck-jersey-t-shirt-with-large-portrait-print-107104881?w=400,,
108940913,https://cdn.modesens.com/availability/zimmermann-halliday-cuffed-playsuit-lilac-floral-96002114?w=400,a101784732;a96528361;a96002114;a99461160,https://modesens.cn/product/avail/101784732/getlink/;https://modesens.cn/product/avail/96528361/getlink/;https://modesens.cn/product/avail/96002114/getlink/;https://modesens.cn/product/avail/99461160/getlink/
104032530,https://cdn.modesens.com/availability/zimmermann-wylie-mini-dress-neutrals-101235245?w=400,a101784538;a99576200;a98029395;a99461158,https://modesens.cn/product/avail/101784538/getlink/;https://modesens.cn/product/avail/99576200/getlink/;https://modesens.cn/product/avail/98029395/getlink/;https://modesens.cn/product/avail/99461158/getlink/
112472338,https://cdn.modesens.com/availability/chloe-kick-high-top-sneaker-natural-brown-100215064?w=400,a97614812;a98100465;a100215064;a103811713,https://modesens.cn/product/avail/97614812/getlink/;https://modesens.cn/product/avail/98100465/getlink/;https://modesens.cn/product/avail/100215064/getlink/;https://modesens.cn/product/avail/103811713/getlink/
112586307,https://cdn.modesens.com/availability/chloe-jeannette-leather-wedge-clog-black-105616546?w=400,a101766880;a89315566;a97019454;a90925404,https://modesens.cn/product/avail/101766880/getlink/;https://modesens.cn/product/avail/89315566/getlink/;https://modesens.cn/product/avail/97019454/getlink/;https://modesens.cn/product/avail/90925404/getlink/
11975124,https://cdn.modesens.com/availability/18921291?w=400,a80406326;a50778587;a51632896;a50367244,https://modesens.cn/product/avail/80406326/getlink/;https://modesens.cn/product/avail/50778587/getlink/;https://modesens.cn/product/avail/51632896/getlink/;https://modesens.cn/product/avail/50367244/getlink/
104544389,https://cdn.modesens.com/availability/zimmermann-acacia-floral-halterneck-linen-romper-yellow-99553611?w=400,a101784480;a99576206;a97652090;a98768290,https://modesens.cn/product/avail/101784480/getlink/;https://modesens.cn/product/avail/99576206/getlink/;https://modesens.cn/product/avail/97652090/getlink/;https://modesens.cn/product/avail/98768290/getlink/
104556167,https://cdn.modesens.com/availability/zimmermann-tallow-relaxed-silk-button-up-shirt-ombre-multi-97664688?w=400,a101785127;a99576208;a98695799;a100067283,https://modesens.cn/product/avail/101785127/getlink/;https://modesens.cn/product/avail/99576208/getlink/;https://modesens.cn/product/avail/98695799/getlink/;https://modesens.cn/product/avail/100067283/getlink/
106227983,https://cdn.modesens.com/availability/zimmermann-womens-zimmermann-everley-tuck-floral-pattern-linen-shorts-light-blue-floral-99354729?w=400,a102603864;a99576213;a99350825;a101490694,https://modesens.cn/product/avail/102603864/getlink/;https://modesens.cn/product/avail/99576213/getlink/;https://modesens.cn/product/avail/99350825/getlink/;https://modesens.cn/product/avail/101490694/getlink/
112193587,https://cdn.modesens.com/availability/zimmermann-acacia-midi-shirt-dress-pink-105230620?w=400,a102095609;a97885142;a99461154;a97383691,https://modesens.cn/product/avail/102095609/getlink/;https://modesens.cn/product/avail/97885142/getlink/;https://modesens.cn/product/avail/99461154/getlink/;https://modesens.cn/product/avail/97383691/getlink/
105994490,https://cdn.modesens.com/availability/zimmermann-scalloped-shift-dress-floral-pattern-100209519?w=400,a101789856;a99907158;a99531147;a100263499,https://modesens.cn/product/avail/101789856/getlink/;https://modesens.cn/product/avail/99907158/getlink/;https://modesens.cn/product/avail/99531147/getlink/;https://modesens.cn/product/avail/100263499/getlink/
104040586,https://cdn.modesens.com/availability/zimmermann-floral-print-mini-dress-pink-97912617?w=400,a102095619;a97932630;a103897127;a98470871,https://modesens.cn/product/avail/102095619/getlink/;https://modesens.cn/product/avail/97932630/getlink/;https://modesens.cn/product/avail/103897127/getlink/;https://modesens.cn/product/avail/98470871/getlink/
102361431,https://cdn.modesens.com/availability/zimmermann-acacia-broderie-midi-dress-pink-floral-95842240?w=400,a101784076;a95842240;a103811644;a96234004,https://modesens.cn/product/avail/101784076/getlink/;https://modesens.cn/product/avail/95842240/getlink/;https://modesens.cn/product/avail/103811644/getlink/;https://modesens.cn/product/avail/96234004/getlink/
111374602,https://cdn.modesens.com/availability/zimmermann-tallow-floral-cotton-wrap-dress-blue-99553556?w=400,a101784540;a99283215;a98695791;a99461155,https://modesens.cn/product/avail/101784540/getlink/;https://modesens.cn/product/avail/99283215/getlink/;https://modesens.cn/product/avail/98695791/getlink/;https://modesens.cn/product/avail/99461155/getlink/
104021431,https://cdn.modesens.com/availability/zimmermann-wylie-off-shoulder-midi-dress-blue-floral-97448105?w=400,,
111719964,https://cdn.modesens.com/availability/chloe-sandals-eggshell-104761250?w=400,a101786617;a99790264;a100294640;a100137146,https://modesens.cn/product/avail/101786617/getlink/;https://modesens.cn/product/avail/99790264/getlink/;https://modesens.cn/product/avail/100294640/getlink/;https://modesens.cn/product/avail/100137146/getlink/
107497280,https://cdn.modesens.com/availability/chloe-womens-sepia-brown-horse-medal-small-raffia-and-leather-bucket-bag-100581850?w=400,a101580305;a101641780;a105197965;a103300842,https://modesens.cn/product/avail/101580305/getlink/;https://modesens.cn/product/avail/101641780/getlink/;https://modesens.cn/product/avail/105197965/getlink/;https://modesens.cn/product/avail/103300842/getlink/
111793979,https://cdn.modesens.com/availability/chloe-white-shirt-with-embroidered-bow-tie-104834329?w=400,a99662201;a100067255;a104060788;a99358191,https://modesens.cn/product/avail/99662201/getlink/;https://modesens.cn/product/avail/100067255/getlink/;https://modesens.cn/product/avail/104060788/getlink/;https://modesens.cn/product/avail/99358191/getlink/
103412036,https://cdn.modesens.com/availability/zimmermann-womens-wylie-embroidered-linen-blouse-cream-96508520?w=400,a101784860;a99498490;a96508520;a97577238,https://modesens.cn/product/avail/101784860/getlink/;https://modesens.cn/product/avail/99498490/getlink/;https://modesens.cn/product/avail/96508520/getlink/;https://modesens.cn/product/avail/97577238/getlink/
110922970,https://cdn.modesens.com/availability/zimmermann-tallow-printed-short-sleeved-shirt-multicolor-103972549?w=400,a101785643;a103817739;a99279142;a99553699,https://modesens.cn/product/avail/101785643/getlink/;https://modesens.cn/product/avail/103817739/getlink/;https://modesens.cn/product/avail/99279142/getlink/;https://modesens.cn/product/avail/99553699/getlink/
109831109,https://cdn.modesens.com/availability/chloe-kick-leather-low-top-sneakers-weiss-99685391?w=400,a101784137;a100067265;a99685391;a98932673,https://modesens.cn/product/avail/101784137/getlink/;https://modesens.cn/product/avail/100067265/getlink/;https://modesens.cn/product/avail/99685391/getlink/;https://modesens.cn/product/avail/98932673/getlink/
109224475,https://cdn.modesens.com/availability/chloe-black-polly-sandals-001-black-101554139?w=400,a100665310;a103817724;a101125207;a101890137,https://modesens.cn/product/avail/100665310/getlink/;https://modesens.cn/product/avail/103817724/getlink/;https://modesens.cn/product/avail/101125207/getlink/;https://modesens.cn/product/avail/101890137/getlink/
113809073,https://cdn.modesens.com/availability/isabel-marant-sandra-cotton-mini-skirt-106835120?w=400,a103274318;a100182733;a101198339;a100368048,https://modesens.cn/product/avail/103274318/getlink/;https://modesens.cn/product/avail/100182733/getlink/;https://modesens.cn/product/avail/101198339/getlink/;https://modesens.cn/product/avail/100368048/getlink/
111496675,https://cdn.modesens.com/availability/balmain-ribbed-skirt-neutrals-98014089?w=400,a101968202;a99630343;a103814245;a100244370,https://modesens.cn/product/avail/101968202/getlink/;https://modesens.cn/product/avail/99630343/getlink/;https://modesens.cn/product/avail/103814245/getlink/;https://modesens.cn/product/avail/100244370/getlink/
107524146,https://cdn.modesens.com/availability/isabel-marant-brown-leather-heiko-ankle-boots-101786275?w=400,a100346726;a103814507;a102269165;a100132172,https://modesens.cn/product/avail/100346726/getlink/;https://modesens.cn/product/avail/103814507/getlink/;https://modesens.cn/product/avail/102269165/getlink/;https://modesens.cn/product/avail/100132172/getlink/
111935247,https://cdn.modesens.com/availability/chloe-denim-bermuda-shorts-with-back-logo-patch-104973511?w=400,,
109988857,https://cdn.modesens.com/availability/chloe-dresses-black-103040155?w=400,a99910266;a97614833;a100016724;a100159010,https://modesens.cn/product/avail/99910266/getlink/;https://modesens.cn/product/avail/97614833/getlink/;https://modesens.cn/product/avail/100016724/getlink/;https://modesens.cn/product/avail/100159010/getlink/
110580167,https://cdn.modesens.com/availability/chloe-logo-crew-neck-t-shirt-with-chest-pocket-103628484?w=400,a106931455;a102299770;a103320334;a105639980,https://modesens.cn/product/avail/106931455/getlink/;https://modesens.cn/product/avail/102299770/getlink/;https://modesens.cn/product/avail/103320334/getlink/;https://modesens.cn/product/avail/105639980/getlink/
106410638,https://cdn.modesens.com/availability/chloe-baby-fit-t-shirt-with-logo-in-cotton-jersey-pink-and-purple-99530836_1?w=400,a99909726;a103811912;a104060793;a99592610,https://modesens.cn/product/avail/99909726/getlink/;https://modesens.cn/product/avail/103811912/getlink/;https://modesens.cn/product/avail/104060793/getlink/;https://modesens.cn/product/avail/99592610/getlink/
114168007,https://cdn.modesens.com/availability/la-doublej-la-double-j-lavish-silk-dress-with-flowing-silhouette-107190837?w=400,a104055763;a100573202;a101127105;a101239241,https://modesens.cn/product/avail/104055763/getlink/;https://modesens.cn/product/avail/100573202/getlink/;https://modesens.cn/product/avail/101127105/getlink/;https://modesens.cn/product/avail/101239241/getlink/
93943053,https://cdn.modesens.com/availability/zimmermann-halliday-lace-trim-cotton-dress-neutrals-87381676?w=400,a101878898;a97885135;a96100312;a96410397,https://modesens.cn/product/avail/101878898/getlink/;https://modesens.cn/product/avail/97885135/getlink/;https://modesens.cn/product/avail/96100312/getlink/;https://modesens.cn/product/avail/96410397/getlink/
110081737,https://cdn.modesens.com/availability/jean-paul-gaultier-ribbed-marinier-double-layer-long-dress-navy-white-black-103133354?w=400,a90883933;a89208194;a91953472;a91772232,https://modesens.cn/product/avail/90883933/getlink/;https://modesens.cn/product/avail/89208194/getlink/;https://modesens.cn/product/avail/91953472/getlink/;https://modesens.cn/product/avail/91772232/getlink/
106231674,https://cdn.modesens.com/availability/zimmermann-linen-silk-flower-embellished-mini-dress-pink-99354300?w=400,a100407560;a99576219;a103899022;a99893841,https://modesens.cn/product/avail/100407560/getlink/;https://modesens.cn/product/avail/99576219/getlink/;https://modesens.cn/product/avail/103899022/getlink/;https://modesens.cn/product/avail/99893841/getlink/
107286759,https://cdn.modesens.com/availability/zimmermann-everley-green-floral-wrap-dress-100383226?w=400,a102055703;a99576214;a99350821;a101490693,https://modesens.cn/product/avail/102055703/getlink/;https://modesens.cn/product/avail/99576214/getlink/;https://modesens.cn/product/avail/99350821/getlink/;https://modesens.cn/product/avail/101490693/getlink/
110954577,https://cdn.modesens.com/availability/zimmermann-linen-silk-plunge-neck-midi-dress-green-104002775?w=400,a103486973;a102347068;a103898601;a104002775,https://modesens.cn/product/avail/103486973/getlink/;https://modesens.cn/product/avail/102347068/getlink/;https://modesens.cn/product/avail/103898601/getlink/;https://modesens.cn/product/avail/104002775/getlink/
105463143,https://cdn.modesens.com/availability/zimmermann-corset-dress-brown-99280888?w=400,a101785607;a99147944;a103812484;a99849854,https://modesens.cn/product/avail/101785607/getlink/;https://modesens.cn/product/avail/99147944/getlink/;https://modesens.cn/product/avail/103812484/getlink/;https://modesens.cn/product/avail/99849854/getlink/
104270946,https://cdn.modesens.com/availability/zimmermann-crush-twist-front-bow-detail-lace-minidress-blue-99528336?w=400,a102690753;a97652163;a106998513;a99528336,https://modesens.cn/product/avail/102690753/getlink/;https://modesens.cn/product/avail/97652163/getlink/;https://modesens.cn/product/avail/106998513/getlink/;https://modesens.cn/product/avail/99528336/getlink/
105016447,https://cdn.modesens.com/availability/zimmermann-crush-linen-and-silk-midi-dress-pink-99849930?w=400,a101789817;a99576216;a100226270;a99849930,https://modesens.cn/product/avail/101789817/getlink/;https://modesens.cn/product/avail/99576216/getlink/;https://modesens.cn/product/avail/100226270/getlink/;https://modesens.cn/product/avail/99849930/getlink/
103170623,https://cdn.modesens.com/availability/zimmermann-crush-bow-detail-linen-midi-dress-red-97130266?w=400,,
111131421,https://cdn.modesens.com/availability/chloe-crew-neck-flocked-finish-lightweight-jersey-top-104178967?w=400,a95624762;a97228742;a93150641;a93128745,https://modesens.cn/product/avail/95624762/getlink/;https://modesens.cn/product/avail/97228742/getlink/;https://modesens.cn/product/avail/93150641/getlink/;https://modesens.cn/product/avail/93128745/getlink/
111374491,https://cdn.modesens.com/availability/zimmermann-women-crush-silk-blend-top-multicolor-104419939?w=400,a101877035;a103814166;a100051418;a97934664,https://modesens.cn/product/avail/101877035/getlink/;https://modesens.cn/product/avail/103814166/getlink/;https://modesens.cn/product/avail/100051418/getlink/;https://modesens.cn/product/avail/97934664/getlink/
106923911,https://cdn.modesens.com/availability/balmain-long-sleeved-cropped-knitted-cardigan-beige-100032953?w=400,a100034486;a99600586;a103814213;a100051563,https://modesens.cn/product/avail/100034486/getlink/;https://modesens.cn/product/avail/99600586/getlink/;https://modesens.cn/product/avail/103814213/getlink/;https://modesens.cn/product/avail/100051563/getlink/
59061055,https://cdn.modesens.com/availability/khaite-marcy-crystal-embellished-ballerina-shoes-schwarz-78167180?w=400,a101753511;a78081409;a73387826;a80437320,https://modesens.cn/product/avail/101753511/getlink/;https://modesens.cn/product/avail/78081409/getlink/;https://modesens.cn/product/avail/73387826/getlink/;https://modesens.cn/product/avail/80437320/getlink/
114047937,https://cdn.modesens.com/availability/zimmermann-maxine-plunge-cami-purple-paisley-99592913?w=400,a101786090;a99592913;a103812214;a99849935,https://modesens.cn/product/avail/101786090/getlink/;https://modesens.cn/product/avail/99592913/getlink/;https://modesens.cn/product/avail/103812214/getlink/;https://modesens.cn/product/avail/99849935/getlink/
114047937,https://cdn.modesens.com/availability/zimmermann-maxine-plunge-cami-purple-paisley-99592913?w=400,a101786090;a99592913;a103812214;a99849935,https://modesens.cn/product/avail/101786090/getlink/;https://modesens.cn/product/avail/99592913/getlink/;https://modesens.cn/product/avail/103812214/getlink/;https://modesens.cn/product/avail/99849935/getlink/
111077217,https://cdn.modesens.com/availability/chloe-logo-necklace-gold-90342416?w=400,a101850302;a90342416;a104973199;a102767998,https://modesens.cn/product/avail/101850302/getlink/;https://modesens.cn/product/avail/90342416/getlink/;https://modesens.cn/product/avail/104973199/getlink/;https://modesens.cn/product/avail/102767998/getlink/
61813409,https://cdn.modesens.com/availability/khaite-marcy-ballet-flats-black-90658669?w=400,a101763939;a79213814;a79803870;a103811646,https://modesens.cn/product/avail/101763939/getlink/;https://modesens.cn/product/avail/79213814/getlink/;https://modesens.cn/product/avail/79803870/getlink/;https://modesens.cn/product/avail/103811646/getlink/
113925039,https://cdn.modesens.com/availability/alaia-women-le-coeur-pvc-and-patent-leather-slingback-106949615?w=400,a101764889;a99164278;a102524823;a87087799,https://modesens.cn/product/avail/101764889/getlink/;https://modesens.cn/product/avail/99164278/getlink/;https://modesens.cn/product/avail/102524823/getlink/;https://modesens.cn/product/avail/87087799/getlink/
21867537,https://cdn.modesens.com/availability/38256841?w=400,a68404917;a51726957;a62219554;a37662568,https://modesens.cn/product/avail/68404917/getlink/;https://modesens.cn/product/avail/51726957/getlink/;https://modesens.cn/product/avail/62219554/getlink/;https://modesens.cn/product/avail/37662568/getlink/
113698088,https://cdn.modesens.com/availability/isabel-marant-knee-high-leather-boots-with-buckle-detail-106724366?w=400,,
111950705,https://cdn.modesens.com/availability/balmain-women-high-waist-buttoned-mini-skirt-multicolor-104988929?w=400,a80405219;a103896764;a69874059;a97938609,https://modesens.cn/product/avail/80405219/getlink/;https://modesens.cn/product/avail/103896764/getlink/;https://modesens.cn/product/avail/69874059/getlink/;https://modesens.cn/product/avail/97938609/getlink/
112051678,https://cdn.modesens.com/availability/zimmermann-printed-linen-blend-crush-skirt-pinklaceprint-105090404?w=400,a100038486;a103814170;a99685670;a98834696,https://modesens.cn/product/avail/100038486/getlink/;https://modesens.cn/product/avail/103814170/getlink/;https://modesens.cn/product/avail/99685670/getlink/;https://modesens.cn/product/avail/98834696/getlink/
108256149,https://cdn.modesens.com/availability/zimmermann-maxi-skirt-with-ruffles-for-women-white-101319870?w=400,a101784840;a100067257;a97128955;a100601202,https://modesens.cn/product/avail/101784840/getlink/;https://modesens.cn/product/avail/100067257/getlink/;https://modesens.cn/product/avail/97128955/getlink/;https://modesens.cn/product/avail/100601202/getlink/
113802187,https://cdn.modesens.com/availability/zimmermann-maxine-wide-leg-printed-trousers-106828231?w=400,a102095664;a99593665;a100172116;a99354317,https://modesens.cn/product/avail/102095664/getlink/;https://modesens.cn/product/avail/99593665/getlink/;https://modesens.cn/product/avail/100172116/getlink/;https://modesens.cn/product/avail/99354317/getlink/
108747020,https://cdn.modesens.com/availability/alaia-womens-noir-alaia-spiral-two-patch-pockets-wide-leg-high-rise-denim-blend-trousers-101804942?w=400,a100099824;a100499808;a101242964;a98714860,https://modesens.cn/product/avail/100099824/getlink/;https://modesens.cn/product/avail/100499808/getlink/;https://modesens.cn/product/avail/101242964/getlink/;https://modesens.cn/product/avail/98714860/getlink/
11132898,https://cdn.modesens.com/availability/17662445?w=400,a80376015;a22812956;a43894359;a20137732,https://modesens.cn/product/avail/80376015/getlink/;https://modesens.cn/product/avail/22812956/getlink/;https://modesens.cn/product/avail/43894359/getlink/;https://modesens.cn/product/avail/20137732/getlink/
114079485,https://cdn.modesens.com/availability/norma-kamali-draped-halter-gown-sheer-skirt-107103226?w=400,a101721321;a99118655;a98788455;a97682362,https://modesens.cn/product/avail/101721321/getlink/;https://modesens.cn/product/avail/99118655/getlink/;https://modesens.cn/product/avail/98788455/getlink/;https://modesens.cn/product/avail/97682362/getlink/
111261839,https://cdn.modesens.com/availability/isabel-marant-jaoni-plunging-cotton-gauze-mini-dress-burnt-orange-104308571?w=400,a104477642;a102458882;a104049950;a103365591,https://modesens.cn/product/avail/104477642/getlink/;https://modesens.cn/product/avail/102458882/getlink/;https://modesens.cn/product/avail/104049950/getlink/;https://modesens.cn/product/avail/103365591/getlink/
110933732,https://cdn.modesens.com/availability/balmain-blue-dress-with-frayed-details-in-tweed-woman-103983259?w=400,a101967842;a100062820;a99941081;a100633925,https://modesens.cn/product/avail/101967842/getlink/;https://modesens.cn/product/avail/100062820/getlink/;https://modesens.cn/product/avail/99941081/getlink/;https://modesens.cn/product/avail/100633925/getlink/
106720657,https://cdn.modesens.com/availability/zimmermann-crush-twist-floral-linen-and-silk-minidress-white-100172034?w=400,a102603934;a99831299;a103814783;a100172034,https://modesens.cn/product/avail/102603934/getlink/;https://modesens.cn/product/avail/99831299/getlink/;https://modesens.cn/product/avail/103814783/getlink/;https://modesens.cn/product/avail/100172034/getlink/
108188134,https://cdn.modesens.com/availability/norma-kamali-abito-lungo-monospalla-con-spacco-bronzo-scintillante-101256116?w=400,a100345763;a99234805;a103827014;a97899802,https://modesens.cn/product/avail/100345763/getlink/;https://modesens.cn/product/avail/99234805/getlink/;https://modesens.cn/product/avail/103827014/getlink/;https://modesens.cn/product/avail/97899802/getlink/
111412592,https://cdn.modesens.com/availability/balmain-logo-jacquard-mini-dress-black-100118650?w=400,,
110294183,https://cdn.modesens.com/availability/zimmermann-white-midi-dress-with-heart-shaped-neckline-purple-103342696?w=400,a102603938;a100108319;a104304603;a100263162,https://modesens.cn/product/avail/102603938/getlink/;https://modesens.cn/product/avail/100108319/getlink/;https://modesens.cn/product/avail/104304603/getlink/;https://modesens.cn/product/avail/100263162/getlink/
103267983,https://cdn.modesens.com/availability/zimmermann-acacia-belted-linen-shirt-dress-blue-97383688?w=400,a101104963;a97885137;a96356840;a99461153,https://modesens.cn/product/avail/101104963/getlink/;https://modesens.cn/product/avail/97885137/getlink/;https://modesens.cn/product/avail/96356840/getlink/;https://modesens.cn/product/avail/99461153/getlink/
114293226,https://cdn.modesens.com/availability/staud-wells-dress-orange-104573164?w=400,a105376389;a104704546;a102272923;a105043791,https://modesens.cn/product/avail/105376389/getlink/;https://modesens.cn/product/avail/104704546/getlink/;https://modesens.cn/product/avail/102272923/getlink/;https://modesens.cn/product/avail/105043791/getlink/
110915627,https://cdn.modesens.com/availability/24203707_2?w=400,a99914256;a88675060;a24203707;a47624882,https://modesens.cn/product/avail/99914256/getlink/;https://modesens.cn/product/avail/88675060/getlink/;https://modesens.cn/product/avail/24203707/getlink/;https://modesens.cn/product/avail/47624882/getlink/
108440763,https://cdn.modesens.com/availability/zimmermann-maxine-multicolor-dress-with-all-over-graphic-print-in-linen-woman-101499144?w=400,a101786322;a100592393;a99813549;a99354311,https://modesens.cn/product/avail/101786322/getlink/;https://modesens.cn/product/avail/100592393/getlink/;https://modesens.cn/product/avail/99813549/getlink/;https://modesens.cn/product/avail/99354311/getlink/
102697060,https://cdn.modesens.com/availability/zimmermann-polka-dot-bow-detail-linen-midi-dress-black-99270501?w=400,a101785191;a99461189;a99270501;a95762200,https://modesens.cn/product/avail/101785191/getlink/;https://modesens.cn/product/avail/99461189/getlink/;https://modesens.cn/product/avail/99270501/getlink/;https://modesens.cn/product/avail/95762200/getlink/
38871782,https://cdn.modesens.com/availability/44530396?w=400,a81872765;a44537942;a100537133;a44530396,https://modesens.cn/product/avail/81872765/getlink/;https://modesens.cn/product/avail/44537942/getlink/;https://modesens.cn/product/avail/100537133/getlink/;https://modesens.cn/product/avail/44530396/getlink/
110879246,https://cdn.modesens.com/availability/chloe-andrea-70-calf-leather-slingback-pumps-black-103928130?w=400,a101789172;a99274468;a103820695;a100294549,https://modesens.cn/product/avail/101789172/getlink/;https://modesens.cn/product/avail/99274468/getlink/;https://modesens.cn/product/avail/103820695/getlink/;https://modesens.cn/product/avail/100294549/getlink/
109733924,https://cdn.modesens.com/availability/71368582?w=400,a103255160;a84834810;a90342156;a96674923,https://modesens.cn/product/avail/103255160/getlink/;https://modesens.cn/product/avail/84834810/getlink/;https://modesens.cn/product/avail/90342156/getlink/;https://modesens.cn/product/avail/96674923/getlink/
111891293,https://cdn.modesens.com/availability/loewe-leather-campo-mary-jane-slippers-104928487?w=400,a101755066;a81494132;a96678563;a89271602,https://modesens.cn/product/avail/101755066/getlink/;https://modesens.cn/product/avail/81494132/getlink/;https://modesens.cn/product/avail/96678563/getlink/;https://modesens.cn/product/avail/89271602/getlink/
84168820,https://cdn.modesens.com/availability/78890339?w=400,a101785676;a103814152;a102642912;a87381672,https://modesens.cn/product/avail/101785676/getlink/;https://modesens.cn/product/avail/103814152/getlink/;https://modesens.cn/product/avail/102642912/getlink/;https://modesens.cn/product/avail/87381672/getlink/
107716296,https://cdn.modesens.com/availability/alaia-peplum-denim-jacket-bleu-vintage-101925522?w=400,a101878608;a100793097;a102524830;a101124779,https://modesens.cn/product/avail/101878608/getlink/;https://modesens.cn/product/avail/100793097/getlink/;https://modesens.cn/product/avail/102524830/getlink/;https://modesens.cn/product/avail/101124779/getlink/
113084087,https://cdn.modesens.com/availability/chloe-80mm-maxime-wedge-sandals-black-104024406?w=400,,
112273904,https://cdn.modesens.com/availability/chloe-jelly-sandal-pink-fizz-105003271?w=400,a107032785;a104344721;a105003271;a94859470,https://modesens.cn/product/avail/107032785/getlink/;https://modesens.cn/product/avail/104344721/getlink/;https://modesens.cn/product/avail/105003271/getlink/;https://modesens.cn/product/avail/94859470/getlink/
111077201,https://cdn.modesens.com/availability/chloe-beige-top-with-gatherings-and-v-neck-in-silk-georgette-woman-multicolor-104123162?w=400,a104963917;a90343261;a90924624;a90342166,https://modesens.cn/product/avail/104963917/getlink/;https://modesens.cn/product/avail/90343261/getlink/;https://modesens.cn/product/avail/90924624/getlink/;https://modesens.cn/product/avail/90342166/getlink/
112625366,https://cdn.modesens.com/availability/loewe-petal-mesh-slingback-heel-sandals-black-105655236_1?w=400,a105571213;a88319596;a105113674;a105303607,https://modesens.cn/product/avail/105571213/getlink/;https://modesens.cn/product/avail/88319596/getlink/;https://modesens.cn/product/avail/105113674/getlink/;https://modesens.cn/product/avail/105303607/getlink/
108470287,https://cdn.modesens.com/availability/balmain-denim-intarsia-knitted-cardigan-101527466?w=400,a100254077;a101316493;a100051895;a102214592,https://modesens.cn/product/avail/100254077/getlink/;https://modesens.cn/product/avail/101316493/getlink/;https://modesens.cn/product/avail/100051895/getlink/;https://modesens.cn/product/avail/102214592/getlink/
111374484,https://cdn.modesens.com/availability/zimmermann-crush-scalloped-cropped-silk-top-yellow-99850060?w=400,a102270990;a99612711;a100226269;a99850060,https://modesens.cn/product/avail/102270990/getlink/;https://modesens.cn/product/avail/99612711/getlink/;https://modesens.cn/product/avail/100226269/getlink/;https://modesens.cn/product/avail/99850060/getlink/
109792348,https://cdn.modesens.com/availability/45823860?w=400,a82586141;a81718541;a99816248;a78028837,https://modesens.cn/product/avail/82586141/getlink/;https://modesens.cn/product/avail/81718541/getlink/;https://modesens.cn/product/avail/99816248/getlink/;https://modesens.cn/product/avail/78028837/getlink/
110215554,https://cdn.modesens.com/availability/loewe-ballet-runner-20-high-top-sneakers-white-102747226?w=400,a103263090;a102706797;a105564079;a102516013,https://modesens.cn/product/avail/103263090/getlink/;https://modesens.cn/product/avail/102706797/getlink/;https://modesens.cn/product/avail/105564079/getlink/;https://modesens.cn/product/avail/102516013/getlink/
108256117,https://cdn.modesens.com/availability/zimmermann-elegant-blouse-with-ruffles-and-puff-sleeves-white-101319838?w=400,a102835306;a103815698;a97128976;a100601201,https://modesens.cn/product/avail/102835306/getlink/;https://modesens.cn/product/avail/103815698/getlink/;https://modesens.cn/product/avail/97128976/getlink/;https://modesens.cn/product/avail/100601201/getlink/
108940594,https://cdn.modesens.com/availability/jean-paul-gaultier-structured-denim-bodice-with-sweetheart-neckline-black-101992627?w=400,a102038866;a102829875;a103826609;a101468481,https://modesens.cn/product/avail/102038866/getlink/;https://modesens.cn/product/avail/102829875/getlink/;https://modesens.cn/product/avail/103826609/getlink/;https://modesens.cn/product/avail/101468481/getlink/
111087068,https://cdn.modesens.com/availability/alaia-womens-black-net-patent-leather-flat-mules-eur-385-uk-104132658?w=400,a103425662;a103416444;a103423232;a103584131,https://modesens.cn/product/avail/103425662/getlink/;https://modesens.cn/product/avail/103416444/getlink/;https://modesens.cn/product/avail/103423232/getlink/;https://modesens.cn/product/avail/103584131/getlink/
13171580,https://cdn.modesens.com/availability/69480125?w=400,a80406857;a19869455;a69480125;a70793879,https://modesens.cn/product/avail/80406857/getlink/;https://modesens.cn/product/avail/19869455/getlink/;https://modesens.cn/product/avail/69480125/getlink/;https://modesens.cn/product/avail/70793879/getlink/
111237792,https://cdn.modesens.com/availability/isabel-marant-woman-ankle-boots-black-size-65-leather-104284378?w=400,a91771945;a96268108;a89345461;a89689713,https://modesens.cn/product/avail/91771945/getlink/;https://modesens.cn/product/avail/96268108/getlink/;https://modesens.cn/product/avail/89345461/getlink/;https://modesens.cn/product/avail/89689713/getlink/
105021949,https://cdn.modesens.com/availability/balmain-button-detailed-tweed-skirt-multi-98134432?w=400,,
106804599,https://cdn.modesens.com/availability/balmain-sparkly-stripes-skirt-black-98015833?w=400,a101786757;a99915171;a103814241;a99794055,https://modesens.cn/product/avail/101786757/getlink/;https://modesens.cn/product/avail/99915171/getlink/;https://modesens.cn/product/avail/103814241/getlink/;https://modesens.cn/product/avail/99794055/getlink/
93256733,https://cdn.modesens.com/availability/loewe-campo-leather-biker-boot-black-100235329?w=400,a101908807;a91951865;a91144508;a87612329,https://modesens.cn/product/avail/101908807/getlink/;https://modesens.cn/product/avail/91951865/getlink/;https://modesens.cn/product/avail/91144508/getlink/;https://modesens.cn/product/avail/87612329/getlink/
104826776,https://cdn.modesens.com/availability/victoria-beckham-draped-knot-sleeveless-mid-length-dress-cyan-101801232?w=400,a101878825;a98735388;a98715289;a98714944,https://modesens.cn/product/avail/101878825/getlink/;https://modesens.cn/product/avail/98735388/getlink/;https://modesens.cn/product/avail/98715289/getlink/;https://modesens.cn/product/avail/98714944/getlink/
110141509,https://cdn.modesens.com/availability/balmain-short-black-fitted-dress-with-buttons-103191156?w=400,a101785113;a103814252;a99157037;a97939654,https://modesens.cn/product/avail/101785113/getlink/;https://modesens.cn/product/avail/103814252/getlink/;https://modesens.cn/product/avail/99157037/getlink/;https://modesens.cn/product/avail/97939654/getlink/
111924406,https://cdn.modesens.com/availability/zimmermann-illuminate-tulle-dress-with-embroidery-and-drapery-beige-104960547?w=400,a104734331;a104096400;a103993885;a104002770,https://modesens.cn/product/avail/104734331/getlink/;https://modesens.cn/product/avail/104096400/getlink/;https://modesens.cn/product/avail/103993885/getlink/;https://modesens.cn/product/avail/104002770/getlink/
105942761,https://cdn.modesens.com/availability/staud-wells-dress-bordeaux-toile-99850344?w=400,a106916029;a99850344;a99528371;a100567704,https://modesens.cn/product/avail/106916029/getlink/;https://modesens.cn/product/avail/99850344/getlink/;https://modesens.cn/product/avail/99528371/getlink/;https://modesens.cn/product/avail/100567704/getlink/
111853566,https://cdn.modesens.com/availability/balmain-single-breasted-tweed-blazer-dress-women-black-104891268?w=400,a90194866;a98823967;a90517491;a90383174,https://modesens.cn/product/avail/90194866/getlink/;https://modesens.cn/product/avail/98823967/getlink/;https://modesens.cn/product/avail/90517491/getlink/;https://modesens.cn/product/avail/90383174/getlink/
108303461,https://cdn.modesens.com/availability/zimmermann-silk-wrap-mini-dress-rosa-99373900?w=400,a101786009;a103896616;a99530856;a99373900,https://modesens.cn/product/avail/101786009/getlink/;https://modesens.cn/product/avail/103896616/getlink/;https://modesens.cn/product/avail/99530856/getlink/;https://modesens.cn/product/avail/99373900/getlink/
103518730,https://cdn.modesens.com/availability/zimmermann-crush-cutout-linen-and-silk-organza-midi-dress-peach-lace-print-99157137?w=400,a101786986;a99157137;a97009788;a97577205,https://modesens.cn/product/avail/101786986/getlink/;https://modesens.cn/product/avail/99157137/getlink/;https://modesens.cn/product/avail/97009788/getlink/;https://modesens.cn/product/avail/97577205/getlink/
109013316,https://cdn.modesens.com/availability/chloe-long-silk-dress-with-flared-skirt-and-ruffled-straps-102067041?w=400,a102086789;a97614834;a99252487;a99685583,https://modesens.cn/product/avail/102086789/getlink/;https://modesens.cn/product/avail/97614834/getlink/;https://modesens.cn/product/avail/99252487/getlink/;https://modesens.cn/product/avail/99685583/getlink/
110422188,https://cdn.modesens.com/availability/zimmermann-dawning-floral-silk-and-linen-corset-dress-multicoloured-103790673?w=400,a104335419;a103471419;a103790673;a104248988,https://modesens.cn/product/avail/104335419/getlink/;https://modesens.cn/product/avail/103471419/getlink/;https://modesens.cn/product/avail/103790673/getlink/;https://modesens.cn/product/avail/104248988/getlink/
106843567,https://cdn.modesens.com/availability/jean-paul-gaultier-long-sleeved-dress-blue-99953483?w=400,a101100056;a100910033;a100274710;a100114454,https://modesens.cn/product/avail/101100056/getlink/;https://modesens.cn/product/avail/100910033/getlink/;https://modesens.cn/product/avail/100274710/getlink/;https://modesens.cn/product/avail/100114454/getlink/
103318415,https://cdn.modesens.com/availability/zimmermann-acacia-broderie-mini-dress-ivory-96410395?w=400,a101784404;a96410395;a100067157;a97934683,https://modesens.cn/product/avail/101784404/getlink/;https://modesens.cn/product/avail/96410395/getlink/;https://modesens.cn/product/avail/100067157/getlink/;https://modesens.cn/product/avail/97934683/getlink/
111374465,https://cdn.modesens.com/availability/zimmermann-women-crush-buttoned-midi-dress-multicolor-104419913?w=400,a101786440;a101490684;a100492275;a99880486,https://modesens.cn/product/avail/101786440/getlink/;https://modesens.cn/product/avail/101490684/getlink/;https://modesens.cn/product/avail/100492275/getlink/;https://modesens.cn/product/avail/99880486/getlink/
103267994,https://cdn.modesens.com/availability/zimmermann-acacia-broderie-tie-floral-linen-minidress-yellow-96963964?w=400,a103554462;a96356845;a96963964;a98119696,https://modesens.cn/product/avail/103554462/getlink/;https://modesens.cn/product/avail/96356845/getlink/;https://modesens.cn/product/avail/96963964/getlink/;https://modesens.cn/product/avail/98119696/getlink/
111916277,https://cdn.modesens.com/availability/loewe-slipper-toy-black-leather-loafers-104951915?w=400,a101756460;a67232132;a63484421;a96595632,https://modesens.cn/product/avail/101756460/getlink/;https://modesens.cn/product/avail/67232132/getlink/;https://modesens.cn/product/avail/63484421/getlink/;https://modesens.cn/product/avail/96595632/getlink/
111820164,https://cdn.modesens.com/availability/chloe-top-with-coral-colour-silk-bow-104858021?w=400,a101343984;a97618059;a101684556;a104177831,https://modesens.cn/product/avail/101343984/getlink/;https://modesens.cn/product/avail/97618059/getlink/;https://modesens.cn/product/avail/101684556/getlink/;https://modesens.cn/product/avail/104177831/getlink/
110306198,https://cdn.modesens.com/availability/chloe-off-white-short-sleeve-utilitarian-polo-103-coconut-milk-103355227?w=400,a103933461;a100532195;a103898558;a97618063,https://modesens.cn/product/avail/103933461/getlink/;https://modesens.cn/product/avail/100532195/getlink/;https://modesens.cn/product/avail/103898558/getlink/;https://modesens.cn/product/avail/97618063/getlink/
106660557,https://cdn.modesens.com/availability/khaite-ny-loop-sandals-black-101248946?w=400,a101784243;a98919579;a103820001;a99758342,https://modesens.cn/product/avail/101784243/getlink/;https://modesens.cn/product/avail/98919579/getlink/;https://modesens.cn/product/avail/103820001/getlink/;https://modesens.cn/product/avail/99758342/getlink/
112376057,https://cdn.modesens.com/availability/chloe-summer-banana-tote-bag-summery-beige-104465822?w=400,a106931434;a101580295;a103320437;a104465822,https://modesens.cn/product/avail/106931434/getlink/;https://modesens.cn/product/avail/101580295/getlink/;https://modesens.cn/product/avail/103320437/getlink/;https://modesens.cn/product/avail/104465822/getlink/
36984599,https://cdn.modesens.com/availability/44169122?w=400,a80405167;a80564720;a59249943;a97822975,https://modesens.cn/product/avail/80405167/getlink/;https://modesens.cn/product/avail/80564720/getlink/;https://modesens.cn/product/avail/59249943/getlink/;https://modesens.cn/product/avail/97822975/getlink/
106657391,https://cdn.modesens.com/availability/chloe-ride-small-flap-crossbody-bag-in-calfskin-black-99771754?w=400,a101787984;a103817726;a101261143;a101131479,https://modesens.cn/product/avail/101787984/getlink/;https://modesens.cn/product/avail/103817726/getlink/;https://modesens.cn/product/avail/101261143/getlink/;https://modesens.cn/product/avail/101131479/getlink/
21158695,https://cdn.modesens.com/availability/25609212_1?w=400,a35082383;a58525092;a25283698;a25281817,https://modesens.cn/product/avail/35082383/getlink/;https://modesens.cn/product/avail/58525092/getlink/;https://modesens.cn/product/avail/25283698/getlink/;https://modesens.cn/product/avail/25281817/getlink/
105465877,https://cdn.modesens.com/availability/khaite-selly-silk-top-pink-91045689?w=400,a97652049;a105639499;a98964319;a91045689,https://modesens.cn/product/avail/97652049/getlink/;https://modesens.cn/product/avail/105639499/getlink/;https://modesens.cn/product/avail/98964319/getlink/;https://modesens.cn/product/avail/91045689/getlink/
104826776,https://cdn.modesens.com/availability/victoria-beckham-draped-knot-sleeveless-mid-length-dress-cyan-101801232?w=400,a101878825;a98735388;a98715289;a98714944,https://modesens.cn/product/avail/101878825/getlink/;https://modesens.cn/product/avail/98735388/getlink/;https://modesens.cn/product/avail/98715289/getlink/;https://modesens.cn/product/avail/98714944/getlink/
110141509,https://cdn.modesens.com/availability/balmain-short-black-fitted-dress-with-buttons-103191156?w=400,a101785113;a103814252;a99157037;a97939654,https://modesens.cn/product/avail/101785113/getlink/;https://modesens.cn/product/avail/103814252/getlink/;https://modesens.cn/product/avail/99157037/getlink/;https://modesens.cn/product/avail/97939654/getlink/
111926058,https://cdn.modesens.com/availability/self-portrait-fine-lace-midi-dress-blue-103544740?w=400,a104333277;a104028932;a103544740;a105140270,https://modesens.cn/product/avail/104333277/getlink/;https://modesens.cn/product/avail/104028932/getlink/;https://modesens.cn/product/avail/103544740/getlink/;https://modesens.cn/product/avail/105140270/getlink/
111924406,https://cdn.modesens.com/availability/zimmermann-illuminate-tulle-dress-with-embroidery-and-drapery-beige-104960547?w=400,a104734331;a104096400;a103993885;a104002770,https://modesens.cn/product/avail/104734331/getlink/;https://modesens.cn/product/avail/104096400/getlink/;https://modesens.cn/product/avail/103993885/getlink/;https://modesens.cn/product/avail/104002770/getlink/
96240687,https://cdn.modesens.com/availability/self-portrait-boucle-knitted-dress-multicolor-89175208?w=400,a101775488;a89983827;a88108365;a100521388,https://modesens.cn/product/avail/101775488/getlink/;https://modesens.cn/product/avail/89983827/getlink/;https://modesens.cn/product/avail/88108365/getlink/;https://modesens.cn/product/avail/100521388/getlink/
111924811,https://cdn.modesens.com/availability/self-portrait-gold-metallic-jacquard-mini-dress-gold-98952132?w=400,a101784826;a98745313;a98952132;a103809930,https://modesens.cn/product/avail/101784826/getlink/;https://modesens.cn/product/avail/98745313/getlink/;https://modesens.cn/product/avail/98952132/getlink/;https://modesens.cn/product/avail/103809930/getlink/
105942761,https://cdn.modesens.com/availability/staud-wells-dress-bordeaux-toile-99850344?w=400,a106916029;a99850344;a99528371;a100567704,https://modesens.cn/product/avail/106916029/getlink/;https://modesens.cn/product/avail/99850344/getlink/;https://modesens.cn/product/avail/99528371/getlink/;https://modesens.cn/product/avail/100567704/getlink/
111853566,https://cdn.modesens.com/availability/balmain-single-breasted-tweed-blazer-dress-women-black-104891268?w=400,a90194866;a98823967;a90517491;a90383174,https://modesens.cn/product/avail/90194866/getlink/;https://modesens.cn/product/avail/98823967/getlink/;https://modesens.cn/product/avail/90517491/getlink/;https://modesens.cn/product/avail/90383174/getlink/
108303461,https://cdn.modesens.com/availability/zimmermann-silk-wrap-mini-dress-rosa-99373900?w=400,a101786009;a103896616;a99530856;a99373900,https://modesens.cn/product/avail/101786009/getlink/;https://modesens.cn/product/avail/103896616/getlink/;https://modesens.cn/product/avail/99530856/getlink/;https://modesens.cn/product/avail/99373900/getlink/
109582629,https://cdn.modesens.com/availability/self-portrait-polka-dot-satin-midi-dress-blue-102820249?w=400,,
103518730,https://cdn.modesens.com/availability/zimmermann-crush-cutout-linen-and-silk-organza-midi-dress-peach-lace-print-99157137?w=400,,
109013316,https://cdn.modesens.com/availability/chloe-long-silk-dress-with-flared-skirt-and-ruffled-straps-102067041?w=400,,
112368227,https://cdn.modesens.com/availability/self-portrait-satin-dress-with-3d-flowers-beige-105403189?w=400,a101785014;a97825591;a103812108;a99940958,https://modesens.cn/product/avail/101785014/getlink/;https://modesens.cn/product/avail/97825591/getlink/;https://modesens.cn/product/avail/103812108/getlink/;https://modesens.cn/product/avail/99940958/getlink/
110422188,https://cdn.modesens.com/availability/zimmermann-dawning-floral-silk-and-linen-corset-dress-multicoloured-103790673?w=400,a104335419;a103471419;a103790673;a104248988,https://modesens.cn/product/avail/104335419/getlink/;https://modesens.cn/product/avail/103471419/getlink/;https://modesens.cn/product/avail/103790673/getlink/;https://modesens.cn/product/avail/104248988/getlink/
106843567,https://cdn.modesens.com/availability/jean-paul-gaultier-long-sleeved-dress-blue-99953483?w=400,a101100056;a100910033;a100274710;a100114454,https://modesens.cn/product/avail/101100056/getlink/;https://modesens.cn/product/avail/100910033/getlink/;https://modesens.cn/product/avail/100274710/getlink/;https://modesens.cn/product/avail/100114454/getlink/
